﻿<?xml version="1.0" encoding="utf-8"?>
<abapGit version="v1.0.0" serializer="LCL_OBJECT_MSAG" serializer_version="v1.0.0">
 <asx:abap xmlns:asx="http://www.sap.com/abapxml" version="1.0">
  <asx:values>
   <T100A>
    <ARBGB>ZBDC</ARBGB>
    <MASTERLANG>E</MASTERLANG>
   </T100A>
   <T100>
    <T100>
     <SPRSL>E</SPRSL>
     <ARBGB>ZBDC</ARBGB>
     <MSGNR>000</MSGNR>
     <TEXT>&amp;1 &amp;2 &amp;3 &amp;4</TEXT>
    </T100>
    <T100>
     <SPRSL>E</SPRSL>
     <ARBGB>ZBDC</ARBGB>
     <MSGNR>001</MSGNR>
     <TEXT>Create group &amp;1</TEXT>
    </T100>
    <T100>
     <SPRSL>E</SPRSL>
     <ARBGB>ZBDC</ARBGB>
     <MSGNR>002</MSGNR>
     <TEXT>BDC_OPEN_GROUP returncode: &amp;1</TEXT>
    </T100>
    <T100>
     <SPRSL>E</SPRSL>
     <ARBGB>ZBDC</ARBGB>
     <MSGNR>003</MSGNR>
     <TEXT>BDC_INSERT returncode: &amp;1 RECORD: &amp;2</TEXT>
    </T100>
    <T100>
     <SPRSL>E</SPRSL>
     <ARBGB>ZBDC</ARBGB>
     <MSGNR>004</MSGNR>
     <TEXT>BDC_CLOSE_GROUP group &amp;1 returncode: &amp;2</TEXT>
    </T100>
    <T100>
     <SPRSL>E</SPRSL>
     <ARBGB>ZBDC</ARBGB>
     <MSGNR>005</MSGNR>
     <TEXT>Processing of batch group &amp;1 triggered</TEXT>
    </T100>
   </T100>
  </asx:values>
 </asx:abap>
</abapGit>
