﻿<?xml version="1.0" encoding="utf-8"?>
<abapGit version="v1.0.0" serializer="LCL_OBJECT_CLAS" serializer_version="v1.0.0">
 <asx:abap xmlns:asx="http://www.sap.com/abapxml" version="1.0">
  <asx:values>
   <VSEOCLASS>
    <CLSNAME>ZCL_BDC_TRANSACTION</CLSNAME>
    <VERSION>1</VERSION>
    <LANGU>E</LANGU>
    <DESCRIPT>Batch Input TRANSACTION</DESCRIPT>
    <STATE>1</STATE>
    <CLSFINAL>X</CLSFINAL>
    <CLSCCINCL>X</CLSCCINCL>
    <FIXPT>X</FIXPT>
    <UNICODE>X</UNICODE>
   </VSEOCLASS>
   <DESCRIPTIONS>
    <SEOCOMPOTX>
     <CLSNAME>ZCL_BDC_TRANSACTION</CLSNAME>
     <CMPNAME>MESSAGES</CMPNAME>
     <LANGU>E</LANGU>
     <DESCRIPT>Messages returned from a BDC session</DESCRIPT>
    </SEOCOMPOTX>
    <SEOCOMPOTX>
     <CLSNAME>ZCL_BDC_TRANSACTION</CLSNAME>
     <CMPNAME>NEW_TRANSACTION</CMPNAME>
     <LANGU>E</LANGU>
     <DESCRIPT>Factory Method</DESCRIPT>
    </SEOCOMPOTX>
    <SEOCOMPOTX>
     <CLSNAME>ZCL_BDC_TRANSACTION</CLSNAME>
     <CMPNAME>SET_MESSAGES</CMPNAME>
     <LANGU>E</LANGU>
     <DESCRIPT>set messages</DESCRIPT>
    </SEOCOMPOTX>
   </DESCRIPTIONS>
  </asx:values>
 </asx:abap>
</abapGit>
