﻿<?xml version="1.0" encoding="utf-8"?>
<abapGit version="v1.0.0" serializer="LCL_OBJECT_CLAS" serializer_version="v1.0.0">
 <asx:abap xmlns:asx="http://www.sap.com/abapxml" version="1.0">
  <asx:values>
   <VSEOCLASS>
    <CLSNAME>ZCL_BDC_RUN</CLSNAME>
    <VERSION>1</VERSION>
    <LANGU>E</LANGU>
    <DESCRIPT>Batch Input Run session and transactions</DESCRIPT>
    <EXPOSURE>2</EXPOSURE>
    <STATE>1</STATE>
    <CLSFINAL>X</CLSFINAL>
    <CLSCCINCL>X</CLSCCINCL>
    <FIXPT>X</FIXPT>
    <UNICODE>X</UNICODE>
   </VSEOCLASS>
   <DESCRIPTIONS>
    <SEOCOMPOTX>
     <CLSNAME>ZCL_BDC_RUN</CLSNAME>
     <CMPNAME>BDC_SELSCRN</CMPNAME>
     <LANGU>E</LANGU>
     <DESCRIPT>BDC selection screen</DESCRIPT>
    </SEOCOMPOTX>
    <SEOCOMPOTX>
     <CLSNAME>ZCL_BDC_RUN</CLSNAME>
     <CMPNAME>GET_SESSION_NAME</CMPNAME>
     <LANGU>E</LANGU>
     <DESCRIPT>return session name with counter</DESCRIPT>
    </SEOCOMPOTX>
    <SEOCOMPOTX>
     <CLSNAME>ZCL_BDC_RUN</CLSNAME>
     <CMPNAME>MESSAGES</CMPNAME>
     <LANGU>E</LANGU>
     <DESCRIPT>Messages returned from a BDC session</DESCRIPT>
    </SEOCOMPOTX>
   </DESCRIPTIONS>
  </asx:values>
 </asx:abap>
</abapGit>
