﻿<?xml version="1.0" encoding="utf-8"?>
<abapGit version="v1.0.0" serializer="LCL_OBJECT_TABL" serializer_version="v1.0.0">
 <asx:abap xmlns:asx="http://www.sap.com/abapxml" version="1.0">
  <asx:values>
   <DD02V>
    <TABNAME>ZST_BDC_SELSCRN</TABNAME>
    <DDLANGUAGE>E</DDLANGUAGE>
    <TABCLASS>INTTAB</TABCLASS>
    <DDTEXT>BDC selection screen</DDTEXT>
   </DD02V>
   <DD03P_TABLE>
    <DD03P>
     <TABNAME>ZST_BDC_SELSCRN</TABNAME>
     <FIELDNAME>SESSION</FIELDNAME>
     <POSITION>0001</POSITION>
     <ROLLNAME>BINPT</ROLLNAME>
     <ADMINFIELD>0</ADMINFIELD>
     <VALEXI>X</VALEXI>
     <SHLPORIGIN>F</SHLPORIGIN>
     <COMPTYPE>E</COMPTYPE>
    </DD03P>
    <DD03P>
     <TABNAME>ZST_BDC_SELSCRN</TABNAME>
     <FIELDNAME>GROUP</FIELDNAME>
     <DDLANGUAGE>E</DDLANGUAGE>
     <POSITION>0002</POSITION>
     <ADMINFIELD>0</ADMINFIELD>
     <INTTYPE>C</INTTYPE>
     <INTLEN>000024</INTLEN>
     <DATATYPE>CHAR</DATATYPE>
     <LENG>000012</LENG>
     <MASK>  CHAR</MASK>
     <DDTEXT>group name of session</DDTEXT>
    </DD03P>
    <DD03P>
     <TABNAME>ZST_BDC_SELSCRN</TABNAME>
     <FIELDNAME>USER</FIELDNAME>
     <DDLANGUAGE>E</DDLANGUAGE>
     <POSITION>0003</POSITION>
     <ADMINFIELD>0</ADMINFIELD>
     <INTTYPE>C</INTTYPE>
     <INTLEN>000024</INTLEN>
     <DATATYPE>CHAR</DATATYPE>
     <LENG>000012</LENG>
     <MASK>  CHAR</MASK>
     <DDTEXT>user for session in batch</DDTEXT>
    </DD03P>
    <DD03P>
     <TABNAME>ZST_BDC_SELSCRN</TABNAME>
     <FIELDNAME>KEEP</FIELDNAME>
     <POSITION>0004</POSITION>
     <ROLLNAME>XFELD</ROLLNAME>
     <ADMINFIELD>0</ADMINFIELD>
     <VALEXI>X</VALEXI>
     <SHLPORIGIN>F</SHLPORIGIN>
     <COMPTYPE>E</COMPTYPE>
    </DD03P>
    <DD03P>
     <TABNAME>ZST_BDC_SELSCRN</TABNAME>
     <FIELDNAME>HOLDDATE</FIELDNAME>
     <DDLANGUAGE>E</DDLANGUAGE>
     <POSITION>0005</POSITION>
     <ADMINFIELD>0</ADMINFIELD>
     <INTTYPE>D</INTTYPE>
     <INTLEN>000016</INTLEN>
     <DATATYPE>DATS</DATATYPE>
     <LENG>000008</LENG>
     <MASK>  DATS</MASK>
     <DDTEXT>Error : session HOLDDATE</DDTEXT>
     <SHLPORIGIN>T</SHLPORIGIN>
    </DD03P>
    <DD03P>
     <TABNAME>ZST_BDC_SELSCRN</TABNAME>
     <FIELDNAME>E_GROUP</FIELDNAME>
     <DDLANGUAGE>E</DDLANGUAGE>
     <POSITION>0006</POSITION>
     <ADMINFIELD>0</ADMINFIELD>
     <INTTYPE>C</INTTYPE>
     <INTLEN>000024</INTLEN>
     <DATATYPE>CHAR</DATATYPE>
     <LENG>000012</LENG>
     <MASK>  CHAR</MASK>
     <DDTEXT>Error : group name of session</DDTEXT>
    </DD03P>
    <DD03P>
     <TABNAME>ZST_BDC_SELSCRN</TABNAME>
     <FIELDNAME>E_USER</FIELDNAME>
     <DDLANGUAGE>E</DDLANGUAGE>
     <POSITION>0007</POSITION>
     <ADMINFIELD>0</ADMINFIELD>
     <INTTYPE>C</INTTYPE>
     <INTLEN>000024</INTLEN>
     <DATATYPE>CHAR</DATATYPE>
     <LENG>000012</LENG>
     <MASK>  CHAR</MASK>
     <DDTEXT>Error : user for session in batch</DDTEXT>
    </DD03P>
    <DD03P>
     <TABNAME>ZST_BDC_SELSCRN</TABNAME>
     <FIELDNAME>E_KEEP</FIELDNAME>
     <POSITION>0008</POSITION>
     <ROLLNAME>XFELD</ROLLNAME>
     <ADMINFIELD>0</ADMINFIELD>
     <VALEXI>X</VALEXI>
     <SHLPORIGIN>F</SHLPORIGIN>
     <COMPTYPE>E</COMPTYPE>
    </DD03P>
    <DD03P>
     <TABNAME>ZST_BDC_SELSCRN</TABNAME>
     <FIELDNAME>E_HDATE</FIELDNAME>
     <DDLANGUAGE>E</DDLANGUAGE>
     <POSITION>0009</POSITION>
     <ADMINFIELD>0</ADMINFIELD>
     <INTTYPE>D</INTTYPE>
     <INTLEN>000016</INTLEN>
     <DATATYPE>DATS</DATATYPE>
     <LENG>000008</LENG>
     <MASK>  DATS</MASK>
     <DDTEXT>Error : session HOLDDATE</DDTEXT>
     <SHLPORIGIN>T</SHLPORIGIN>
    </DD03P>
    <DD03P>
     <TABNAME>ZST_BDC_SELSCRN</TABNAME>
     <FIELDNAME>NODATA</FIELDNAME>
     <DDLANGUAGE>E</DDLANGUAGE>
     <POSITION>0010</POSITION>
     <ADMINFIELD>0</ADMINFIELD>
     <INTTYPE>C</INTTYPE>
     <INTLEN>000002</INTLEN>
     <DATATYPE>CHAR</DATATYPE>
     <LENG>000001</LENG>
     <MASK>  CHAR</MASK>
     <DDTEXT>Nodata indicator</DDTEXT>
    </DD03P>
    <DD03P>
     <TABNAME>ZST_BDC_SELSCRN</TABNAME>
     <FIELDNAME>SUB_SESS</FIELDNAME>
     <DDLANGUAGE>E</DDLANGUAGE>
     <POSITION>0011</POSITION>
     <ADMINFIELD>0</ADMINFIELD>
     <INTTYPE>C</INTTYPE>
     <INTLEN>000002</INTLEN>
     <DATATYPE>CHAR</DATATYPE>
     <LENG>000001</LENG>
     <MASK>  CHAR</MASK>
     <DDTEXT>&apos;X&apos; Submit the BDC session automatically</DDTEXT>
    </DD03P>
    <DD03P>
     <TABNAME>ZST_BDC_SELSCRN</TABNAME>
     <FIELDNAME>THRESH</FIELDNAME>
     <DDLANGUAGE>E</DDLANGUAGE>
     <POSITION>0012</POSITION>
     <ADMINFIELD>0</ADMINFIELD>
     <INTTYPE>X</INTTYPE>
     <INTLEN>000004</INTLEN>
     <DATATYPE>INT4</DATATYPE>
     <LENG>000010</LENG>
     <MASK>  INT4</MASK>
     <DDTEXT>threshold transacions per session</DDTEXT>
    </DD03P>
   </DD03P_TABLE>
  </asx:values>
 </asx:abap>
</abapGit>
