﻿<?xml version="1.0" encoding="utf-8"?>
<abapGit version="v1.0.0" serializer="LCL_OBJECT_TTYP" serializer_version="v1.0.0">
 <asx:abap xmlns:asx="http://www.sap.com/abapxml" version="1.0">
  <asx:values>
   <DD40V>
    <TYPENAME>ZTT_BDC_OPERATIONS</TYPENAME>
    <DDLANGUAGE>E</DDLANGUAGE>
    <ROWTYPE>ZIF_BDC_OPERATION</ROWTYPE>
    <ROWKIND>R</ROWKIND>
    <DATATYPE>REF</DATATYPE>
    <ACCESSMODE>T</ACCESSMODE>
    <KEYDEF>D</KEYDEF>
    <KEYKIND>N</KEYKIND>
    <DDTEXT>Array of Batch Input Operations</DDTEXT>
    <REFTYPE>I</REFTYPE>
   </DD40V>
  </asx:values>
 </asx:abap>
</abapGit>
